system:index,Fecha,Hora,Temperatura,.geo
0,2022-02-02,,22.019999999999982,"{""type"":""MultiPoint"",""coordinates"":[]}"
1,2022-02-02,,11.629999999999995,"{""type"":""MultiPoint"",""coordinates"":[]}"
2,2022-02-03,,20.089999999999975,"{""type"":""MultiPoint"",""coordinates"":[]}"
3,2022-02-03,,22.560000000000002,"{""type"":""MultiPoint"",""coordinates"":[]}"
4,2022-02-04,,,"{""type"":""MultiPoint"",""coordinates"":[]}"
5,2022-02-04,,22.079999999999984,"{""type"":""MultiPoint"",""coordinates"":[]}"
6,2022-02-05,,21.410000000000025,"{""type"":""MultiPoint"",""coordinates"":[]}"
7,2022-02-05,,21.720000000000027,"{""type"":""MultiPoint"",""coordinates"":[]}"
8,2022-02-06,,14.050000000000011,"{""type"":""MultiPoint"",""coordinates"":[]}"
9,2022-02-06,,13.560000000000002,"{""type"":""MultiPoint"",""coordinates"":[]}"
10,2022-02-07,,-0.6499999999999773,"{""type"":""MultiPoint"",""coordinates"":[]}"
11,2022-02-07,,,"{""type"":""MultiPoint"",""coordinates"":[]}"
12,2022-02-08,,16.69999999999999,"{""type"":""MultiPoint"",""coordinates"":[]}"
13,2022-02-08,,12.629999999999995,"{""type"":""MultiPoint"",""coordinates"":[]}"
14,2022-02-09,,4.389999999999986,"{""type"":""MultiPoint"",""coordinates"":[]}"
15,2022-02-09,,11.720000000000027,"{""type"":""MultiPoint"",""coordinates"":[]}"
16,2022-02-10,,7.6200000000000045,"{""type"":""MultiPoint"",""coordinates"":[]}"
17,2022-02-10,,12.430000000000007,"{""type"":""MultiPoint"",""coordinates"":[]}"
18,2022-02-11,,7.9599999999999795,"{""type"":""MultiPoint"",""coordinates"":[]}"
19,2022-02-11,,19.129999999999995,"{""type"":""MultiPoint"",""coordinates"":[]}"
20,2022-02-12,,5.4599999999999795,"{""type"":""MultiPoint"",""coordinates"":[]}"
21,2022-02-12,,7.139999999999986,"{""type"":""MultiPoint"",""coordinates"":[]}"
22,2022-02-13,,15.740000000000009,"{""type"":""MultiPoint"",""coordinates"":[]}"
23,2022-02-13,,16.25,"{""type"":""MultiPoint"",""coordinates"":[]}"
24,2022-02-14,,-2.8000000000000114,"{""type"":""MultiPoint"",""coordinates"":[]}"
25,2022-02-14,,19.149999999999977,"{""type"":""MultiPoint"",""coordinates"":[]}"
26,2022-02-15,,4.7099999999999795,"{""type"":""MultiPoint"",""coordinates"":[]}"
27,2022-02-15,,15.20999999999998,"{""type"":""MultiPoint"",""coordinates"":[]}"
28,2022-02-16,,-3,"{""type"":""MultiPoint"",""coordinates"":[]}"
29,2022-02-16,,-3,"{""type"":""MultiPoint"",""coordinates"":[]}"
30,2022-02-17,,14.339999999999975,"{""type"":""MultiPoint"",""coordinates"":[]}"
31,2022-02-17,,18.410000000000025,"{""type"":""MultiPoint"",""coordinates"":[]}"
32,2022-02-18,,7.069999999999993,"{""type"":""MultiPoint"",""coordinates"":[]}"
33,2022-02-18,,18.120000000000005,"{""type"":""MultiPoint"",""coordinates"":[]}"
34,2022-02-19,,-3,"{""type"":""MultiPoint"",""coordinates"":[]}"
35,2022-02-19,,18.149999999999977,"{""type"":""MultiPoint"",""coordinates"":[]}"
36,2022-02-20,,3.4700000000000273,"{""type"":""MultiPoint"",""coordinates"":[]}"
37,2022-02-20,,18.930000000000007,"{""type"":""MultiPoint"",""coordinates"":[]}"
38,2022-02-21,,,"{""type"":""MultiPoint"",""coordinates"":[]}"
39,2022-02-21,,19.870000000000005,"{""type"":""MultiPoint"",""coordinates"":[]}"
40,2022-02-22,,17.829999999999984,"{""type"":""MultiPoint"",""coordinates"":[]}"
41,2022-02-22,,18.660000000000025,"{""type"":""MultiPoint"",""coordinates"":[]}"
42,2022-02-23,,19.970000000000027,"{""type"":""MultiPoint"",""coordinates"":[]}"
43,2022-02-23,,-2.6399999999999864,"{""type"":""MultiPoint"",""coordinates"":[]}"
44,2022-02-24,,1.0600000000000023,"{""type"":""MultiPoint"",""coordinates"":[]}"
45,2022-02-24,,,"{""type"":""MultiPoint"",""coordinates"":[]}"
46,2022-02-25,,-3,"{""type"":""MultiPoint"",""coordinates"":[]}"
47,2022-02-25,,1.829999999999984,"{""type"":""MultiPoint"",""coordinates"":[]}"
48,2022-02-26,,9.759999999999991,"{""type"":""MultiPoint"",""coordinates"":[]}"
49,2022-02-26,,-3,"{""type"":""MultiPoint"",""coordinates"":[]}"
50,2022-02-27,,-3,"{""type"":""MultiPoint"",""coordinates"":[]}"
51,2022-02-27,,22.139999999999986,"{""type"":""MultiPoint"",""coordinates"":[]}"
52,2022-02-28,,20.629999999999995,"{""type"":""MultiPoint"",""coordinates"":[]}"
53,2022-02-28,,-3,"{""type"":""MultiPoint"",""coordinates"":[]}"
54,2022-03-01,,11.860000000000014,"{""type"":""MultiPoint"",""coordinates"":[]}"
55,2022-03-01,,4.680000000000007,"{""type"":""MultiPoint"",""coordinates"":[]}"
56,2022-03-02,,,"{""type"":""MultiPoint"",""coordinates"":[]}"
57,2022-03-02,,6.2900000000000205,"{""type"":""MultiPoint"",""coordinates"":[]}"
58,2022-03-03,,14.329999999999984,"{""type"":""MultiPoint"",""coordinates"":[]}"
59,2022-03-03,,-3,"{""type"":""MultiPoint"",""coordinates"":[]}"
60,2022-03-04,,2.6100000000000136,"{""type"":""MultiPoint"",""coordinates"":[]}"
61,2022-03-04,,-3,"{""type"":""MultiPoint"",""coordinates"":[]}"
62,2022-03-05,,4.3700000000000045,"{""type"":""MultiPoint"",""coordinates"":[]}"
63,2022-03-05,,24.589999999999975,"{""type"":""MultiPoint"",""coordinates"":[]}"
64,2022-03-06,,-3,"{""type"":""MultiPoint"",""coordinates"":[]}"
65,2022-03-06,,25.139999999999986,"{""type"":""MultiPoint"",""coordinates"":[]}"
66,2022-03-07,,24.230000000000018,"{""type"":""MultiPoint"",""coordinates"":[]}"
67,2022-03-07,,24.839999999999975,"{""type"":""MultiPoint"",""coordinates"":[]}"
68,2022-03-08,,23.930000000000007,"{""type"":""MultiPoint"",""coordinates"":[]}"
69,2022-03-08,,16.560000000000002,"{""type"":""MultiPoint"",""coordinates"":[]}"
70,2022-03-09,,22.410000000000025,"{""type"":""MultiPoint"",""coordinates"":[]}"
71,2022-03-09,,21.75999999999999,"{""type"":""MultiPoint"",""coordinates"":[]}"
72,2022-03-10,,,"{""type"":""MultiPoint"",""coordinates"":[]}"
73,2022-03-10,,-3,"{""type"":""MultiPoint"",""coordinates"":[]}"
74,2022-03-11,,25.060000000000002,"{""type"":""MultiPoint"",""coordinates"":[]}"
75,2022-03-11,,25.670000000000016,"{""type"":""MultiPoint"",""coordinates"":[]}"
76,2022-03-12,,22.44999999999999,"{""type"":""MultiPoint"",""coordinates"":[]}"
77,2022-03-12,,24.779999999999973,"{""type"":""MultiPoint"",""coordinates"":[]}"
78,2022-03-13,,23.660000000000025,"{""type"":""MultiPoint"",""coordinates"":[]}"
79,2022-03-13,,24.069999999999993,"{""type"":""MultiPoint"",""coordinates"":[]}"
80,2022-03-14,,-3,"{""type"":""MultiPoint"",""coordinates"":[]}"
81,2022-03-14,,26.319999999999993,"{""type"":""MultiPoint"",""coordinates"":[]}"
82,2022-03-15,,24.649999999999977,"{""type"":""MultiPoint"",""coordinates"":[]}"
83,2022-03-15,,16.29000000000002,"{""type"":""MultiPoint"",""coordinates"":[]}"
84,2022-03-16,,12,"{""type"":""MultiPoint"",""coordinates"":[]}"
85,2022-03-16,,26.19999999999999,"{""type"":""MultiPoint"",""coordinates"":[]}"
86,2022-03-17,,24.99000000000001,"{""type"":""MultiPoint"",""coordinates"":[]}"
87,2022-03-17,,23.930000000000007,"{""type"":""MultiPoint"",""coordinates"":[]}"
88,2022-03-18,,,"{""type"":""MultiPoint"",""coordinates"":[]}"
89,2022-03-18,,20.480000000000018,"{""type"":""MultiPoint"",""coordinates"":[]}"
90,2022-03-19,,21.660000000000025,"{""type"":""MultiPoint"",""coordinates"":[]}"
91,2022-03-19,,6.2900000000000205,"{""type"":""MultiPoint"",""coordinates"":[]}"
92,2022-03-20,,2.1100000000000136,"{""type"":""MultiPoint"",""coordinates"":[]}"
93,2022-03-20,,21.519999999999982,"{""type"":""MultiPoint"",""coordinates"":[]}"
94,2022-03-21,,-3,"{""type"":""MultiPoint"",""coordinates"":[]}"
95,2022-03-21,,,"{""type"":""MultiPoint"",""coordinates"":[]}"
96,2022-03-22,,15.620000000000005,"{""type"":""MultiPoint"",""coordinates"":[]}"
97,2022-03-22,,-2.4499999999999886,"{""type"":""MultiPoint"",""coordinates"":[]}"
98,2022-03-23,,13.019999999999982,"{""type"":""MultiPoint"",""coordinates"":[]}"
99,2022-03-23,,14.699999999999989,"{""type"":""MultiPoint"",""coordinates"":[]}"
100,2022-03-24,,20.560000000000002,"{""type"":""MultiPoint"",""coordinates"":[]}"
101,2022-03-24,,22.029999999999973,"{""type"":""MultiPoint"",""coordinates"":[]}"
102,2022-03-25,,21.100000000000023,"{""type"":""MultiPoint"",""coordinates"":[]}"
103,2022-03-25,,11.689999999999998,"{""type"":""MultiPoint"",""coordinates"":[]}"
104,2022-03-26,,4.670000000000016,"{""type"":""MultiPoint"",""coordinates"":[]}"
105,2022-03-26,,1.990000000000009,"{""type"":""MultiPoint"",""coordinates"":[]}"
106,2022-03-27,,,"{""type"":""MultiPoint"",""coordinates"":[]}"
107,2022-03-27,,4.75,"{""type"":""MultiPoint"",""coordinates"":[]}"
108,2022-03-28,,-3,"{""type"":""MultiPoint"",""coordinates"":[]}"
109,2022-03-28,,18.439999999999998,"{""type"":""MultiPoint"",""coordinates"":[]}"
110,2022-03-29,,-3,"{""type"":""MultiPoint"",""coordinates"":[]}"
111,2022-03-29,,-3,"{""type"":""MultiPoint"",""coordinates"":[]}"
112,2022-03-30,,12.259999999999991,"{""type"":""MultiPoint"",""coordinates"":[]}"
113,2022-03-30,,-3,"{""type"":""MultiPoint"",""coordinates"":[]}"
114,2022-03-31,,18.69999999999999,"{""type"":""MultiPoint"",""coordinates"":[]}"
115,2022-03-31,,-3,"{""type"":""MultiPoint"",""coordinates"":[]}"
116,2022-04-01,,16.350000000000023,"{""type"":""MultiPoint"",""coordinates"":[]}"
117,2022-04-01,,11.279999999999973,"{""type"":""MultiPoint"",""coordinates"":[]}"
118,2022-04-02,,8.70999999999998,"{""type"":""MultiPoint"",""coordinates"":[]}"
119,2022-04-02,,20.649999999999977,"{""type"":""MultiPoint"",""coordinates"":[]}"
120,2022-04-03,,15.199999999999989,"{""type"":""MultiPoint"",""coordinates"":[]}"
121,2022-04-03,,20.120000000000005,"{""type"":""MultiPoint"",""coordinates"":[]}"
122,2022-04-04,,,"{""type"":""MultiPoint"",""coordinates"":[]}"
123,2022-04-04,,18.930000000000007,"{""type"":""MultiPoint"",""coordinates"":[]}"
124,2022-04-05,,18.370000000000005,"{""type"":""MultiPoint"",""coordinates"":[]}"
125,2022-04-05,,20.629999999999995,"{""type"":""MultiPoint"",""coordinates"":[]}"
126,2022-04-06,,10.269999999999982,"{""type"":""MultiPoint"",""coordinates"":[]}"
127,2022-04-06,,20.649999999999977,"{""type"":""MultiPoint"",""coordinates"":[]}"
128,2022-04-07,,15.529999999999973,"{""type"":""MultiPoint"",""coordinates"":[]}"
129,2022-04-07,,,"{""type"":""MultiPoint"",""coordinates"":[]}"
130,2022-04-08,,19.70999999999998,"{""type"":""MultiPoint"",""coordinates"":[]}"
131,2022-04-08,,10,"{""type"":""MultiPoint"",""coordinates"":[]}"
132,2022-04-09,,18.180000000000007,"{""type"":""MultiPoint"",""coordinates"":[]}"
133,2022-04-09,,11.410000000000025,"{""type"":""MultiPoint"",""coordinates"":[]}"
134,2022-04-10,,-2.5,"{""type"":""MultiPoint"",""coordinates"":[]}"
135,2022-04-10,,18.089999999999975,"{""type"":""MultiPoint"",""coordinates"":[]}"
136,2022-04-11,,19.230000000000018,"{""type"":""MultiPoint"",""coordinates"":[]}"
137,2022-04-11,,19.379999999999995,"{""type"":""MultiPoint"",""coordinates"":[]}"
138,2022-04-12,,16.04000000000002,"{""type"":""MultiPoint"",""coordinates"":[]}"
139,2022-04-12,,17.089999999999975,"{""type"":""MultiPoint"",""coordinates"":[]}"
140,2022-04-13,,19.44999999999999,"{""type"":""MultiPoint"",""coordinates"":[]}"
141,2022-04-13,,18.399999999999977,"{""type"":""MultiPoint"",""coordinates"":[]}"
142,2022-04-14,,2.589999999999975,"{""type"":""MultiPoint"",""coordinates"":[]}"
143,2022-04-14,,17.319999999999993,"{""type"":""MultiPoint"",""coordinates"":[]}"
144,2022-04-15,,18.29000000000002,"{""type"":""MultiPoint"",""coordinates"":[]}"
145,2022-04-15,,20.089999999999975,"{""type"":""MultiPoint"",""coordinates"":[]}"
146,2022-04-16,,18.379999999999995,"{""type"":""MultiPoint"",""coordinates"":[]}"
147,2022-04-16,,18.819999999999993,"{""type"":""MultiPoint"",""coordinates"":[]}"
148,2022-04-17,,9.720000000000027,"{""type"":""MultiPoint"",""coordinates"":[]}"
149,2022-04-17,,18,"{""type"":""MultiPoint"",""coordinates"":[]}"
150,2022-04-18,,11.360000000000014,"{""type"":""MultiPoint"",""coordinates"":[]}"
151,2022-04-18,,14.819999999999993,"{""type"":""MultiPoint"",""coordinates"":[]}"
152,2022-04-19,,-3,"{""type"":""MultiPoint"",""coordinates"":[]}"
153,2022-04-19,,4.069999999999993,"{""type"":""MultiPoint"",""coordinates"":[]}"
154,2022-04-20,,7.3799999999999955,"{""type"":""MultiPoint"",""coordinates"":[]}"
155,2022-04-20,,-0.20999999999997954,"{""type"":""MultiPoint"",""coordinates"":[]}"
156,2022-04-21,,,"{""type"":""MultiPoint"",""coordinates"":[]}"
157,2022-04-21,,19.70999999999998,"{""type"":""MultiPoint"",""coordinates"":[]}"
158,2022-04-22,,11.949999999999989,"{""type"":""MultiPoint"",""coordinates"":[]}"
159,2022-04-22,,18.810000000000002,"{""type"":""MultiPoint"",""coordinates"":[]}"
160,2022-04-23,,17.920000000000016,"{""type"":""MultiPoint"",""coordinates"":[]}"
161,2022-04-23,,18.69999999999999,"{""type"":""MultiPoint"",""coordinates"":[]}"
162,2022-04-24,,10.819999999999993,"{""type"":""MultiPoint"",""coordinates"":[]}"
163,2022-04-24,,6.569999999999993,"{""type"":""MultiPoint"",""coordinates"":[]}"
164,2022-04-25,,12.310000000000002,"{""type"":""MultiPoint"",""coordinates"":[]}"
165,2022-04-25,,18.819999999999993,"{""type"":""MultiPoint"",""coordinates"":[]}"
166,2022-04-26,,17.54000000000002,"{""type"":""MultiPoint"",""coordinates"":[]}"
167,2022-04-26,,,"{""type"":""MultiPoint"",""coordinates"":[]}"
168,2022-04-27,,16.329999999999984,"{""type"":""MultiPoint"",""coordinates"":[]}"
169,2022-04-27,,17.930000000000007,"{""type"":""MultiPoint"",""coordinates"":[]}"
170,2022-04-28,,-1.839999999999975,"{""type"":""MultiPoint"",""coordinates"":[]}"
171,2022-04-28,,14.230000000000018,"{""type"":""MultiPoint"",""coordinates"":[]}"
172,2022-04-29,,,"{""type"":""MultiPoint"",""coordinates"":[]}"
173,2022-04-29,,-3,"{""type"":""MultiPoint"",""coordinates"":[]}"
174,2022-04-30,,2.1399999999999864,"{""type"":""MultiPoint"",""coordinates"":[]}"
175,2022-04-30,,17.04000000000002,"{""type"":""MultiPoint"",""coordinates"":[]}"
176,2022-05-01,,16.19999999999999,"{""type"":""MultiPoint"",""coordinates"":[]}"
177,2022-05-01,,17.54000000000002,"{""type"":""MultiPoint"",""coordinates"":[]}"
178,2022-05-02,,17.350000000000023,"{""type"":""MultiPoint"",""coordinates"":[]}"
179,2022-05-02,,,"{""type"":""MultiPoint"",""coordinates"":[]}"
180,2022-05-03,,17.05000000000001,"{""type"":""MultiPoint"",""coordinates"":[]}"
181,2022-05-03,,18.110000000000014,"{""type"":""MultiPoint"",""coordinates"":[]}"
182,2022-05-04,,15.470000000000027,"{""type"":""MultiPoint"",""coordinates"":[]}"
183,2022-05-04,,-2.0299999999999727,"{""type"":""MultiPoint"",""coordinates"":[]}"
184,2022-05-05,,-3,"{""type"":""MultiPoint"",""coordinates"":[]}"
185,2022-05-05,,-3,"{""type"":""MultiPoint"",""coordinates"":[]}"
186,2022-05-06,,17.230000000000018,"{""type"":""MultiPoint"",""coordinates"":[]}"
187,2022-05-06,,17.149999999999977,"{""type"":""MultiPoint"",""coordinates"":[]}"
188,2022-05-07,,17.649999999999977,"{""type"":""MultiPoint"",""coordinates"":[]}"
189,2022-05-07,,17.529999999999973,"{""type"":""MultiPoint"",""coordinates"":[]}"
190,2022-05-08,,,"{""type"":""MultiPoint"",""coordinates"":[]}"
191,2022-05-08,,17.939999999999998,"{""type"":""MultiPoint"",""coordinates"":[]}"
192,2022-05-09,,16.29000000000002,"{""type"":""MultiPoint"",""coordinates"":[]}"
193,2022-05-09,,17.30000000000001,"{""type"":""MultiPoint"",""coordinates"":[]}"
194,2022-05-10,,5.060000000000002,"{""type"":""MultiPoint"",""coordinates"":[]}"
195,2022-05-10,,17.730000000000018,"{""type"":""MultiPoint"",""coordinates"":[]}"
196,2022-05-11,,16.420000000000016,"{""type"":""MultiPoint"",""coordinates"":[]}"
197,2022-05-11,,,"{""type"":""MultiPoint"",""coordinates"":[]}"
198,2022-05-12,,16.120000000000005,"{""type"":""MultiPoint"",""coordinates"":[]}"
199,2022-05-12,,18.74000000000001,"{""type"":""MultiPoint"",""coordinates"":[]}"
200,2022-05-13,,-3,"{""type"":""MultiPoint"",""coordinates"":[]}"
201,2022-05-13,,17.930000000000007,"{""type"":""MultiPoint"",""coordinates"":[]}"
202,2022-05-14,,-0.9599999999999795,"{""type"":""MultiPoint"",""coordinates"":[]}"
203,2022-05-14,,3.6999999999999886,"{""type"":""MultiPoint"",""coordinates"":[]}"
204,2022-05-15,,6.639999999999986,"{""type"":""MultiPoint"",""coordinates"":[]}"
205,2022-05-15,,17.20999999999998,"{""type"":""MultiPoint"",""coordinates"":[]}"
206,2022-05-16,,,"{""type"":""MultiPoint"",""coordinates"":[]}"
207,2022-05-16,,-2.240000000000009,"{""type"":""MultiPoint"",""coordinates"":[]}"
208,2022-05-17,,-3,"{""type"":""MultiPoint"",""coordinates"":[]}"
209,2022-05-17,,-3,"{""type"":""MultiPoint"",""coordinates"":[]}"
210,2022-05-18,,18.910000000000025,"{""type"":""MultiPoint"",""coordinates"":[]}"
211,2022-05-18,,-1.910000000000025,"{""type"":""MultiPoint"",""coordinates"":[]}"
212,2022-05-19,,-0.5299999999999727,"{""type"":""MultiPoint"",""coordinates"":[]}"
213,2022-05-19,,,"{""type"":""MultiPoint"",""coordinates"":[]}"
214,2022-05-20,,17.75999999999999,"{""type"":""MultiPoint"",""coordinates"":[]}"
215,2022-05-20,,18.470000000000027,"{""type"":""MultiPoint"",""coordinates"":[]}"
216,2022-05-21,,15.629999999999995,"{""type"":""MultiPoint"",""coordinates"":[]}"
217,2022-05-21,,16.230000000000018,"{""type"":""MultiPoint"",""coordinates"":[]}"
218,2022-05-22,,14.949999999999989,"{""type"":""MultiPoint"",""coordinates"":[]}"
219,2022-05-22,,17.55000000000001,"{""type"":""MultiPoint"",""coordinates"":[]}"
220,2022-05-23,,,"{""type"":""MultiPoint"",""coordinates"":[]}"
221,2022-05-23,,17.569999999999993,"{""type"":""MultiPoint"",""coordinates"":[]}"
222,2022-05-24,,,"{""type"":""MultiPoint"",""coordinates"":[]}"
223,2022-05-24,,17.20999999999998,"{""type"":""MultiPoint"",""coordinates"":[]}"
224,2022-05-25,,16.649999999999977,"{""type"":""MultiPoint"",""coordinates"":[]}"
225,2022-05-25,,16.620000000000005,"{""type"":""MultiPoint"",""coordinates"":[]}"
226,2022-05-26,,-3,"{""type"":""MultiPoint"",""coordinates"":[]}"
227,2022-05-26,,-1.2200000000000273,"{""type"":""MultiPoint"",""coordinates"":[]}"
228,2022-05-27,,-3,"{""type"":""MultiPoint"",""coordinates"":[]}"
229,2022-05-27,,,"{""type"":""MultiPoint"",""coordinates"":[]}"
230,2022-05-28,,4.860000000000014,"{""type"":""MultiPoint"",""coordinates"":[]}"
231,2022-05-28,,-2.269999999999982,"{""type"":""MultiPoint"",""coordinates"":[]}"
232,2022-05-29,,15.350000000000023,"{""type"":""MultiPoint"",""coordinates"":[]}"
233,2022-05-29,,18.069999999999993,"{""type"":""MultiPoint"",""coordinates"":[]}"
234,2022-05-30,,3.319999999999993,"{""type"":""MultiPoint"",""coordinates"":[]}"
235,2022-05-30,,17.110000000000014,"{""type"":""MultiPoint"",""coordinates"":[]}"
236,2022-05-31,,5.189999999999998,"{""type"":""MultiPoint"",""coordinates"":[]}"
237,2022-05-31,,17.329999999999984,"{""type"":""MultiPoint"",""coordinates"":[]}"
238,2022-06-01,,17.649999999999977,"{""type"":""MultiPoint"",""coordinates"":[]}"
239,2022-06-01,,17.350000000000023,"{""type"":""MultiPoint"",""coordinates"":[]}"
240,2022-06-02,,,"{""type"":""MultiPoint"",""coordinates"":[]}"
241,2022-06-02,,1.509999999999991,"{""type"":""MultiPoint"",""coordinates"":[]}"
242,2022-06-03,,5.4599999999999795,"{""type"":""MultiPoint"",""coordinates"":[]}"
243,2022-06-03,,-3,"{""type"":""MultiPoint"",""coordinates"":[]}"
244,2022-06-04,,-2.9700000000000273,"{""type"":""MultiPoint"",""coordinates"":[]}"
245,2022-06-04,,-0.2699999999999818,"{""type"":""MultiPoint"",""coordinates"":[]}"
246,2022-06-05,,11.220000000000027,"{""type"":""MultiPoint"",""coordinates"":[]}"
247,2022-06-05,,,"{""type"":""MultiPoint"",""coordinates"":[]}"
248,2022-06-06,,13.800000000000011,"{""type"":""MultiPoint"",""coordinates"":[]}"
249,2022-06-06,,17.910000000000025,"{""type"":""MultiPoint"",""coordinates"":[]}"
250,2022-06-07,,15.089999999999975,"{""type"":""MultiPoint"",""coordinates"":[]}"
251,2022-06-07,,14.350000000000023,"{""type"":""MultiPoint"",""coordinates"":[]}"
252,2022-06-08,,,"{""type"":""MultiPoint"",""coordinates"":[]}"
253,2022-06-08,,17.779999999999973,"{""type"":""MultiPoint"",""coordinates"":[]}"
254,2022-06-09,,-3,"{""type"":""MultiPoint"",""coordinates"":[]}"
255,2022-06-09,,17.910000000000025,"{""type"":""MultiPoint"",""coordinates"":[]}"
256,2022-06-10,,,"{""type"":""MultiPoint"",""coordinates"":[]}"
257,2022-06-10,,17.379999999999995,"{""type"":""MultiPoint"",""coordinates"":[]}"
258,2022-06-11,,-3,"{""type"":""MultiPoint"",""coordinates"":[]}"
259,2022-06-11,,15.420000000000016,"{""type"":""MultiPoint"",""coordinates"":[]}"
260,2022-06-12,,14.100000000000023,"{""type"":""MultiPoint"",""coordinates"":[]}"
261,2022-06-12,,16.829999999999984,"{""type"":""MultiPoint"",""coordinates"":[]}"
262,2022-06-13,,15.670000000000016,"{""type"":""MultiPoint"",""coordinates"":[]}"
263,2022-06-13,,,"{""type"":""MultiPoint"",""coordinates"":[]}"
264,2022-06-14,,10.259999999999991,"{""type"":""MultiPoint"",""coordinates"":[]}"
265,2022-06-14,,20.689999999999998,"{""type"":""MultiPoint"",""coordinates"":[]}"
266,2022-06-15,,14.279999999999973,"{""type"":""MultiPoint"",""coordinates"":[]}"
267,2022-06-15,,19.920000000000016,"{""type"":""MultiPoint"",""coordinates"":[]}"
268,2022-06-16,,17.95999999999998,"{""type"":""MultiPoint"",""coordinates"":[]}"
269,2022-06-16,,17.730000000000018,"{""type"":""MultiPoint"",""coordinates"":[]}"
270,2022-06-17,,13.529999999999973,"{""type"":""MultiPoint"",""coordinates"":[]}"
271,2022-06-17,,1.5299999999999727,"{""type"":""MultiPoint"",""coordinates"":[]}"
272,2022-06-18,,,"{""type"":""MultiPoint"",""coordinates"":[]}"
273,2022-06-18,,-0.01999999999998181,"{""type"":""MultiPoint"",""coordinates"":[]}"
274,2022-06-19,,,"{""type"":""MultiPoint"",""coordinates"":[]}"
275,2022-06-19,,17.079999999999984,"{""type"":""MultiPoint"",""coordinates"":[]}"
276,2022-06-20,,5.410000000000025,"{""type"":""MultiPoint"",""coordinates"":[]}"
277,2022-06-20,,15.75,"{""type"":""MultiPoint"",""coordinates"":[]}"
278,2022-06-21,,15.620000000000005,"{""type"":""MultiPoint"",""coordinates"":[]}"
279,2022-06-21,,17.069999999999993,"{""type"":""MultiPoint"",""coordinates"":[]}"
280,2022-06-22,,16.329999999999984,"{""type"":""MultiPoint"",""coordinates"":[]}"
281,2022-06-22,,-3,"{""type"":""MultiPoint"",""coordinates"":[]}"
282,2022-06-23,,16.430000000000007,"{""type"":""MultiPoint"",""coordinates"":[]}"
283,2022-06-23,,16.689999999999998,"{""type"":""MultiPoint"",""coordinates"":[]}"
284,2022-06-24,,10.279999999999973,"{""type"":""MultiPoint"",""coordinates"":[]}"
285,2022-06-24,,-3,"{""type"":""MultiPoint"",""coordinates"":[]}"
286,2022-06-25,,8.899999999999977,"{""type"":""MultiPoint"",""coordinates"":[]}"
287,2022-06-25,,14.699999999999989,"{""type"":""MultiPoint"",""coordinates"":[]}"
288,2022-06-26,,16.49000000000001,"{""type"":""MultiPoint"",""coordinates"":[]}"
289,2022-06-26,,17.54000000000002,"{""type"":""MultiPoint"",""coordinates"":[]}"
290,2022-06-27,,,"{""type"":""MultiPoint"",""coordinates"":[]}"
291,2022-06-27,,15.620000000000005,"{""type"":""MultiPoint"",""coordinates"":[]}"
292,2022-06-28,,14.360000000000014,"{""type"":""MultiPoint"",""coordinates"":[]}"
293,2022-06-28,,17.29000000000002,"{""type"":""MultiPoint"",""coordinates"":[]}"
294,2022-06-29,,,"{""type"":""MultiPoint"",""coordinates"":[]}"
295,2022-06-29,,3.230000000000018,"{""type"":""MultiPoint"",""coordinates"":[]}"
296,2022-06-30,,15.620000000000005,"{""type"":""MultiPoint"",""coordinates"":[]}"
297,2022-06-30,,,"{""type"":""MultiPoint"",""coordinates"":[]}"
298,2022-07-01,,12.670000000000016,"{""type"":""MultiPoint"",""coordinates"":[]}"
299,2022-07-01,,,"{""type"":""MultiPoint"",""coordinates"":[]}"
300,2022-07-03,,14.04000000000002,"{""type"":""MultiPoint"",""coordinates"":[]}"
301,2022-07-03,,17.339999999999975,"{""type"":""MultiPoint"",""coordinates"":[]}"
302,2022-07-04,,-3,"{""type"":""MultiPoint"",""coordinates"":[]}"
303,2022-07-04,,-3,"{""type"":""MultiPoint"",""coordinates"":[]}"
304,2022-07-05,,,"{""type"":""MultiPoint"",""coordinates"":[]}"
305,2022-07-05,,9.589999999999975,"{""type"":""MultiPoint"",""coordinates"":[]}"
306,2022-07-06,,,"{""type"":""MultiPoint"",""coordinates"":[]}"
307,2022-07-06,,16.879999999999995,"{""type"":""MultiPoint"",""coordinates"":[]}"
308,2022-07-07,,0.7200000000000273,"{""type"":""MultiPoint"",""coordinates"":[]}"
309,2022-07-07,,3.240000000000009,"{""type"":""MultiPoint"",""coordinates"":[]}"
310,2022-07-08,,16.860000000000014,"{""type"":""MultiPoint"",""coordinates"":[]}"
311,2022-07-08,,16.25999999999999,"{""type"":""MultiPoint"",""coordinates"":[]}"
312,2022-07-09,,-3,"{""type"":""MultiPoint"",""coordinates"":[]}"
313,2022-07-09,,4.769999999999982,"{""type"":""MultiPoint"",""coordinates"":[]}"
314,2022-07-10,,13.639999999999986,"{""type"":""MultiPoint"",""coordinates"":[]}"
315,2022-07-10,,2.3700000000000045,"{""type"":""MultiPoint"",""coordinates"":[]}"
316,2022-07-11,,,"{""type"":""MultiPoint"",""coordinates"":[]}"
317,2022-07-11,,17.44999999999999,"{""type"":""MultiPoint"",""coordinates"":[]}"
318,2022-07-12,,14.529999999999973,"{""type"":""MultiPoint"",""coordinates"":[]}"
319,2022-07-12,,-1.5,"{""type"":""MultiPoint"",""coordinates"":[]}"
320,2022-07-13,,14.329999999999984,"{""type"":""MultiPoint"",""coordinates"":[]}"
321,2022-07-13,,17.339999999999975,"{""type"":""MultiPoint"",""coordinates"":[]}"
322,2022-07-14,,14.310000000000002,"{""type"":""MultiPoint"",""coordinates"":[]}"
323,2022-07-14,,17.69999999999999,"{""type"":""MultiPoint"",""coordinates"":[]}"
324,2022-07-15,,9.279999999999973,"{""type"":""MultiPoint"",""coordinates"":[]}"
325,2022-07-15,,17.060000000000002,"{""type"":""MultiPoint"",""coordinates"":[]}"
326,2022-07-16,,12.800000000000011,"{""type"":""MultiPoint"",""coordinates"":[]}"
327,2022-07-16,,16.829999999999984,"{""type"":""MultiPoint"",""coordinates"":[]}"
328,2022-07-17,,16.310000000000002,"{""type"":""MultiPoint"",""coordinates"":[]}"
329,2022-07-17,,,"{""type"":""MultiPoint"",""coordinates"":[]}"
330,2022-07-18,,10.889999999999986,"{""type"":""MultiPoint"",""coordinates"":[]}"
331,2022-07-18,,8.819999999999993,"{""type"":""MultiPoint"",""coordinates"":[]}"
332,2022-07-19,,-1.8199999999999932,"{""type"":""MultiPoint"",""coordinates"":[]}"
333,2022-07-19,,9.100000000000023,"{""type"":""MultiPoint"",""coordinates"":[]}"
334,2022-07-20,,13.259999999999991,"{""type"":""MultiPoint"",""coordinates"":[]}"
335,2022-07-20,,4.529999999999973,"{""type"":""MultiPoint"",""coordinates"":[]}"
336,2022-07-21,,0.12999999999999545,"{""type"":""MultiPoint"",""coordinates"":[]}"
337,2022-07-21,,16.45999999999998,"{""type"":""MultiPoint"",""coordinates"":[]}"
338,2022-07-22,,,"{""type"":""MultiPoint"",""coordinates"":[]}"
339,2022-07-22,,12.680000000000007,"{""type"":""MultiPoint"",""coordinates"":[]}"
340,2022-07-23,,15.870000000000005,"{""type"":""MultiPoint"",""coordinates"":[]}"
341,2022-07-23,,17.55000000000001,"{""type"":""MultiPoint"",""coordinates"":[]}"
342,2022-07-24,,12.639999999999986,"{""type"":""MultiPoint"",""coordinates"":[]}"
343,2022-07-24,,11.180000000000007,"{""type"":""MultiPoint"",""coordinates"":[]}"
344,2022-07-25,,-3,"{""type"":""MultiPoint"",""coordinates"":[]}"
345,2022-07-25,,,"{""type"":""MultiPoint"",""coordinates"":[]}"
346,2022-07-26,,2.660000000000025,"{""type"":""MultiPoint"",""coordinates"":[]}"
347,2022-07-26,,-2.829999999999984,"{""type"":""MultiPoint"",""coordinates"":[]}"
348,2022-07-27,,6.850000000000023,"{""type"":""MultiPoint"",""coordinates"":[]}"
349,2022-07-27,,15.45999999999998,"{""type"":""MultiPoint"",""coordinates"":[]}"
350,2022-07-28,,16.089999999999975,"{""type"":""MultiPoint"",""coordinates"":[]}"
351,2022-07-28,,15.75,"{""type"":""MultiPoint"",""coordinates"":[]}"
352,2022-07-29,,14,"{""type"":""MultiPoint"",""coordinates"":[]}"
353,2022-07-29,,16.49000000000001,"{""type"":""MultiPoint"",""coordinates"":[]}"
354,2022-07-30,,16.649999999999977,"{""type"":""MultiPoint"",""coordinates"":[]}"
355,2022-07-30,,16.399999999999977,"{""type"":""MultiPoint"",""coordinates"":[]}"
356,2022-07-31,,,"{""type"":""MultiPoint"",""coordinates"":[]}"
357,2022-07-31,,15.339999999999975,"{""type"":""MultiPoint"",""coordinates"":[]}"
358,2022-08-01,,14.129999999999995,"{""type"":""MultiPoint"",""coordinates"":[]}"
359,2022-08-01,,18.75,"{""type"":""MultiPoint"",""coordinates"":[]}"
360,2022-08-02,,13.949999999999989,"{""type"":""MultiPoint"",""coordinates"":[]}"
361,2022-08-02,,19.95999999999998,"{""type"":""MultiPoint"",""coordinates"":[]}"
362,2022-08-03,,6.389999999999986,"{""type"":""MultiPoint"",""coordinates"":[]}"
363,2022-08-03,,1.5199999999999818,"{""type"":""MultiPoint"",""coordinates"":[]}"
364,2022-08-04,,8.220000000000027,"{""type"":""MultiPoint"",""coordinates"":[]}"
365,2022-08-04,,2.4399999999999977,"{""type"":""MultiPoint"",""coordinates"":[]}"
366,2022-08-05,,,"{""type"":""MultiPoint"",""coordinates"":[]}"
367,2022-08-05,,0.4900000000000091,"{""type"":""MultiPoint"",""coordinates"":[]}"
368,2022-08-06,,13.75,"{""type"":""MultiPoint"",""coordinates"":[]}"
369,2022-08-06,,11.689999999999998,"{""type"":""MultiPoint"",""coordinates"":[]}"
370,2022-08-07,,12.680000000000007,"{""type"":""MultiPoint"",""coordinates"":[]}"
371,2022-08-07,,16.810000000000002,"{""type"":""MultiPoint"",""coordinates"":[]}"
372,2022-08-08,,,"{""type"":""MultiPoint"",""coordinates"":[]}"
373,2022-08-08,,1.4599999999999795,"{""type"":""MultiPoint"",""coordinates"":[]}"
374,2022-08-09,,14.810000000000002,"{""type"":""MultiPoint"",""coordinates"":[]}"
375,2022-08-09,,4.779999999999973,"{""type"":""MultiPoint"",""coordinates"":[]}"
376,2022-08-10,,14.819999999999993,"{""type"":""MultiPoint"",""coordinates"":[]}"
377,2022-08-10,,,"{""type"":""MultiPoint"",""coordinates"":[]}"
378,2022-08-11,,16.44999999999999,"{""type"":""MultiPoint"",""coordinates"":[]}"
379,2022-08-11,,,"{""type"":""MultiPoint"",""coordinates"":[]}"
380,2022-08-12,,13.860000000000014,"{""type"":""MultiPoint"",""coordinates"":[]}"
381,2022-08-12,,15.089999999999975,"{""type"":""MultiPoint"",""coordinates"":[]}"
382,2022-08-13,,13.470000000000027,"{""type"":""MultiPoint"",""coordinates"":[]}"
383,2022-08-13,,16.20999999999998,"{""type"":""MultiPoint"",""coordinates"":[]}"
384,2022-08-14,,15.089999999999975,"{""type"":""MultiPoint"",""coordinates"":[]}"
385,2022-08-14,,16.120000000000005,"{""type"":""MultiPoint"",""coordinates"":[]}"
386,2022-08-15,,,"{""type"":""MultiPoint"",""coordinates"":[]}"
387,2022-08-15,,14.550000000000011,"{""type"":""MultiPoint"",""coordinates"":[]}"
388,2022-08-16,,,"{""type"":""MultiPoint"",""coordinates"":[]}"
389,2022-08-16,,16.860000000000014,"{""type"":""MultiPoint"",""coordinates"":[]}"
390,2022-08-17,,13.75,"{""type"":""MultiPoint"",""coordinates"":[]}"
391,2022-08-17,,16.660000000000025,"{""type"":""MultiPoint"",""coordinates"":[]}"
392,2022-08-18,,13.689999999999998,"{""type"":""MultiPoint"",""coordinates"":[]}"
393,2022-08-18,,16.920000000000016,"{""type"":""MultiPoint"",""coordinates"":[]}"
394,2022-08-19,,14.149999999999977,"{""type"":""MultiPoint"",""coordinates"":[]}"
395,2022-08-19,,,"{""type"":""MultiPoint"",""coordinates"":[]}"
396,2022-08-20,,11.29000000000002,"{""type"":""MultiPoint"",""coordinates"":[]}"
397,2022-08-20,,,"{""type"":""MultiPoint"",""coordinates"":[]}"
398,2022-08-21,,12.629999999999995,"{""type"":""MultiPoint"",""coordinates"":[]}"
399,2022-08-21,,,"{""type"":""MultiPoint"",""coordinates"":[]}"
400,2022-08-22,,11.889999999999986,"{""type"":""MultiPoint"",""coordinates"":[]}"
401,2022-08-22,,17.04000000000002,"{""type"":""MultiPoint"",""coordinates"":[]}"
402,2022-08-23,,12.339999999999975,"{""type"":""MultiPoint"",""coordinates"":[]}"
403,2022-08-23,,14.660000000000025,"{""type"":""MultiPoint"",""coordinates"":[]}"
404,2022-08-24,,12.430000000000007,"{""type"":""MultiPoint"",""coordinates"":[]}"
405,2022-08-24,,14.930000000000007,"{""type"":""MultiPoint"",""coordinates"":[]}"
406,2022-08-25,,,"{""type"":""MultiPoint"",""coordinates"":[]}"
407,2022-08-25,,15.029999999999973,"{""type"":""MultiPoint"",""coordinates"":[]}"
408,2022-08-26,,14.360000000000014,"{""type"":""MultiPoint"",""coordinates"":[]}"
409,2022-08-26,,14.990000000000009,"{""type"":""MultiPoint"",""coordinates"":[]}"
410,2022-08-27,,13.089999999999975,"{""type"":""MultiPoint"",""coordinates"":[]}"
411,2022-08-27,,12.310000000000002,"{""type"":""MultiPoint"",""coordinates"":[]}"
412,2022-08-28,,5.600000000000023,"{""type"":""MultiPoint"",""coordinates"":[]}"
413,2022-08-28,,16.139999999999986,"{""type"":""MultiPoint"",""coordinates"":[]}"
414,2022-08-29,,10.529999999999973,"{""type"":""MultiPoint"",""coordinates"":[]}"
415,2022-08-29,,,"{""type"":""MultiPoint"",""coordinates"":[]}"
416,2022-08-30,,1.6899999999999977,"{""type"":""MultiPoint"",""coordinates"":[]}"
417,2022-08-30,,7.420000000000016,"{""type"":""MultiPoint"",""coordinates"":[]}"
418,2022-08-31,,,"{""type"":""MultiPoint"",""coordinates"":[]}"
419,2022-08-31,,14.620000000000005,"{""type"":""MultiPoint"",""coordinates"":[]}"
420,2022-09-01,,12.509999999999991,"{""type"":""MultiPoint"",""coordinates"":[]}"
421,2022-09-01,,16.379999999999995,"{""type"":""MultiPoint"",""coordinates"":[]}"
422,2022-09-02,,,"{""type"":""MultiPoint"",""coordinates"":[]}"
423,2022-09-02,,15.259999999999991,"{""type"":""MultiPoint"",""coordinates"":[]}"
424,2022-09-03,,15.519999999999982,"{""type"":""MultiPoint"",""coordinates"":[]}"
425,2022-09-03,,15.300000000000011,"{""type"":""MultiPoint"",""coordinates"":[]}"
426,2022-09-04,,14.259999999999991,"{""type"":""MultiPoint"",""coordinates"":[]}"
427,2022-09-04,,-3,"{""type"":""MultiPoint"",""coordinates"":[]}"
428,2022-09-05,,4.389999999999986,"{""type"":""MultiPoint"",""coordinates"":[]}"
429,2022-09-05,,15.839999999999975,"{""type"":""MultiPoint"",""coordinates"":[]}"
430,2022-09-06,,14.529999999999973,"{""type"":""MultiPoint"",""coordinates"":[]}"
431,2022-09-06,,16.370000000000005,"{""type"":""MultiPoint"",""coordinates"":[]}"
432,2022-09-07,,13.800000000000011,"{""type"":""MultiPoint"",""coordinates"":[]}"
433,2022-09-07,,15.379999999999995,"{""type"":""MultiPoint"",""coordinates"":[]}"
434,2022-09-08,,13.300000000000011,"{""type"":""MultiPoint"",""coordinates"":[]}"
435,2022-09-08,,14.009999999999991,"{""type"":""MultiPoint"",""coordinates"":[]}"
436,2022-09-09,,12.660000000000025,"{""type"":""MultiPoint"",""coordinates"":[]}"
437,2022-09-09,,9.949999999999989,"{""type"":""MultiPoint"",""coordinates"":[]}"
438,2022-09-10,,,"{""type"":""MultiPoint"",""coordinates"":[]}"
439,2022-09-10,,16.180000000000007,"{""type"":""MultiPoint"",""coordinates"":[]}"
440,2022-09-11,,13.480000000000018,"{""type"":""MultiPoint"",""coordinates"":[]}"
441,2022-09-11,,15.170000000000016,"{""type"":""MultiPoint"",""coordinates"":[]}"
442,2022-09-12,,13.339999999999975,"{""type"":""MultiPoint"",""coordinates"":[]}"
443,2022-09-12,,15.410000000000025,"{""type"":""MultiPoint"",""coordinates"":[]}"
444,2022-09-13,,12.970000000000027,"{""type"":""MultiPoint"",""coordinates"":[]}"
445,2022-09-13,,,"{""type"":""MultiPoint"",""coordinates"":[]}"
446,2022-09-14,,12.29000000000002,"{""type"":""MultiPoint"",""coordinates"":[]}"
447,2022-09-14,,15.259999999999991,"{""type"":""MultiPoint"",""coordinates"":[]}"
448,2022-09-15,,12.329999999999984,"{""type"":""MultiPoint"",""coordinates"":[]}"
449,2022-09-15,,14.399999999999977,"{""type"":""MultiPoint"",""coordinates"":[]}"
450,2022-09-16,,-0.6100000000000136,"{""type"":""MultiPoint"",""coordinates"":[]}"
451,2022-09-16,,-3,"{""type"":""MultiPoint"",""coordinates"":[]}"
452,2022-09-17,,1.6399999999999864,"{""type"":""MultiPoint"",""coordinates"":[]}"
453,2022-09-17,,14.70999999999998,"{""type"":""MultiPoint"",""coordinates"":[]}"
454,2022-09-18,,,"{""type"":""MultiPoint"",""coordinates"":[]}"
455,2022-09-18,,14.310000000000002,"{""type"":""MultiPoint"",""coordinates"":[]}"
456,2022-09-19,,,"{""type"":""MultiPoint"",""coordinates"":[]}"
457,2022-09-19,,14.579999999999984,"{""type"":""MultiPoint"",""coordinates"":[]}"
458,2022-09-20,,13.519999999999982,"{""type"":""MultiPoint"",""coordinates"":[]}"
459,2022-09-20,,-2.490000000000009,"{""type"":""MultiPoint"",""coordinates"":[]}"
460,2022-09-21,,10.310000000000002,"{""type"":""MultiPoint"",""coordinates"":[]}"
461,2022-09-21,,12.240000000000009,"{""type"":""MultiPoint"",""coordinates"":[]}"
462,2022-09-22,,-3,"{""type"":""MultiPoint"",""coordinates"":[]}"
463,2022-09-22,,,"{""type"":""MultiPoint"",""coordinates"":[]}"
464,2022-09-23,,13.45999999999998,"{""type"":""MultiPoint"",""coordinates"":[]}"
465,2022-09-23,,17.279999999999973,"{""type"":""MultiPoint"",""coordinates"":[]}"
466,2022-09-24,,12.230000000000018,"{""type"":""MultiPoint"",""coordinates"":[]}"
467,2022-09-24,,17.079999999999984,"{""type"":""MultiPoint"",""coordinates"":[]}"
468,2022-09-25,,12.589999999999975,"{""type"":""MultiPoint"",""coordinates"":[]}"
469,2022-09-25,,16.310000000000002,"{""type"":""MultiPoint"",""coordinates"":[]}"
470,2022-09-26,,12.149999999999977,"{""type"":""MultiPoint"",""coordinates"":[]}"
471,2022-09-26,,16,"{""type"":""MultiPoint"",""coordinates"":[]}"
472,2022-09-27,,,"{""type"":""MultiPoint"",""coordinates"":[]}"
473,2022-09-27,,16.069999999999993,"{""type"":""MultiPoint"",""coordinates"":[]}"
474,2022-09-28,,15.660000000000025,"{""type"":""MultiPoint"",""coordinates"":[]}"
475,2022-09-28,,13.860000000000014,"{""type"":""MultiPoint"",""coordinates"":[]}"
476,2022-09-29,,15.480000000000018,"{""type"":""MultiPoint"",""coordinates"":[]}"
477,2022-09-29,,15.480000000000018,"{""type"":""MultiPoint"",""coordinates"":[]}"
478,2022-09-30,,9.019999999999982,"{""type"":""MultiPoint"",""coordinates"":[]}"
479,2022-09-30,,-3,"{""type"":""MultiPoint"",""coordinates"":[]}"
480,2022-10-01,,13.449999999999989,"{""type"":""MultiPoint"",""coordinates"":[]}"
481,2022-10-01,,15.120000000000005,"{""type"":""MultiPoint"",""coordinates"":[]}"
482,2022-10-02,,12.629999999999995,"{""type"":""MultiPoint"",""coordinates"":[]}"
483,2022-10-02,,15.079999999999984,"{""type"":""MultiPoint"",""coordinates"":[]}"
484,2022-10-03,,13.509999999999991,"{""type"":""MultiPoint"",""coordinates"":[]}"
485,2022-10-03,,15.220000000000027,"{""type"":""MultiPoint"",""coordinates"":[]}"
486,2022-10-04,,13.009999999999991,"{""type"":""MultiPoint"",""coordinates"":[]}"
487,2022-10-04,,14.810000000000002,"{""type"":""MultiPoint"",""coordinates"":[]}"
488,2022-10-05,,13.70999999999998,"{""type"":""MultiPoint"",""coordinates"":[]}"
489,2022-10-05,,15.620000000000005,"{""type"":""MultiPoint"",""coordinates"":[]}"
490,2022-10-06,,14.240000000000009,"{""type"":""MultiPoint"",""coordinates"":[]}"
491,2022-10-06,,13.70999999999998,"{""type"":""MultiPoint"",""coordinates"":[]}"
492,2022-10-07,,8.129999999999995,"{""type"":""MultiPoint"",""coordinates"":[]}"
493,2022-10-07,,5.740000000000009,"{""type"":""MultiPoint"",""coordinates"":[]}"
494,2022-10-08,,5,"{""type"":""MultiPoint"",""coordinates"":[]}"
495,2022-10-08,,,"{""type"":""MultiPoint"",""coordinates"":[]}"
496,2022-10-09,,13.759999999999991,"{""type"":""MultiPoint"",""coordinates"":[]}"
497,2022-10-09,,7.75,"{""type"":""MultiPoint"",""coordinates"":[]}"
498,2022-10-10,,12.910000000000025,"{""type"":""MultiPoint"",""coordinates"":[]}"
499,2022-10-10,,15.649999999999977,"{""type"":""MultiPoint"",""coordinates"":[]}"
500,2022-10-11,,13.009999999999991,"{""type"":""MultiPoint"",""coordinates"":[]}"
501,2022-10-11,,14.399999999999977,"{""type"":""MultiPoint"",""coordinates"":[]}"
502,2022-10-12,,12.420000000000016,"{""type"":""MultiPoint"",""coordinates"":[]}"
503,2022-10-12,,13.889999999999986,"{""type"":""MultiPoint"",""coordinates"":[]}"
504,2022-10-13,,12.269999999999982,"{""type"":""MultiPoint"",""coordinates"":[]}"
505,2022-10-13,,14.95999999999998,"{""type"":""MultiPoint"",""coordinates"":[]}"
506,2022-10-14,,13.490000000000009,"{""type"":""MultiPoint"",""coordinates"":[]}"
507,2022-10-14,,15.439999999999998,"{""type"":""MultiPoint"",""coordinates"":[]}"
508,2022-10-15,,12.550000000000011,"{""type"":""MultiPoint"",""coordinates"":[]}"
509,2022-10-15,,6.889999999999986,"{""type"":""MultiPoint"",""coordinates"":[]}"
510,2022-10-16,,10.550000000000011,"{""type"":""MultiPoint"",""coordinates"":[]}"
511,2022-10-16,,14.25,"{""type"":""MultiPoint"",""coordinates"":[]}"
512,2022-10-17,,13.779999999999973,"{""type"":""MultiPoint"",""coordinates"":[]}"
513,2022-10-17,,15.170000000000016,"{""type"":""MultiPoint"",""coordinates"":[]}"
514,2022-10-18,,13.910000000000025,"{""type"":""MultiPoint"",""coordinates"":[]}"
515,2022-10-18,,5.980000000000018,"{""type"":""MultiPoint"",""coordinates"":[]}"
516,2022-10-19,,-3,"{""type"":""MultiPoint"",""coordinates"":[]}"
517,2022-10-19,,9.639999999999986,"{""type"":""MultiPoint"",""coordinates"":[]}"
518,2022-10-20,,7.3700000000000045,"{""type"":""MultiPoint"",""coordinates"":[]}"
519,2022-10-20,,4.649999999999977,"{""type"":""MultiPoint"",""coordinates"":[]}"
520,2022-10-21,,13.220000000000027,"{""type"":""MultiPoint"",""coordinates"":[]}"
521,2022-10-21,,16.49000000000001,"{""type"":""MultiPoint"",""coordinates"":[]}"
522,2022-10-22,,,"{""type"":""MultiPoint"",""coordinates"":[]}"
523,2022-10-22,,16.170000000000016,"{""type"":""MultiPoint"",""coordinates"":[]}"
524,2022-10-23,,12.720000000000027,"{""type"":""MultiPoint"",""coordinates"":[]}"
525,2022-10-23,,13.910000000000025,"{""type"":""MultiPoint"",""coordinates"":[]}"
526,2022-10-24,,5.8700000000000045,"{""type"":""MultiPoint"",""coordinates"":[]}"
527,2022-10-24,,-0.9900000000000091,"{""type"":""MultiPoint"",""coordinates"":[]}"
528,2022-10-25,,-3,"{""type"":""MultiPoint"",""coordinates"":[]}"
529,2022-10-25,,,"{""type"":""MultiPoint"",""coordinates"":[]}"
530,2022-10-26,,5.449999999999989,"{""type"":""MultiPoint"",""coordinates"":[]}"
531,2022-10-26,,12.870000000000005,"{""type"":""MultiPoint"",""coordinates"":[]}"
532,2022-10-27,,3.569999999999993,"{""type"":""MultiPoint"",""coordinates"":[]}"
533,2022-10-27,,14.329999999999984,"{""type"":""MultiPoint"",""coordinates"":[]}"
534,2022-10-28,,11.720000000000027,"{""type"":""MultiPoint"",""coordinates"":[]}"
535,2022-10-28,,8.089999999999975,"{""type"":""MultiPoint"",""coordinates"":[]}"
536,2022-10-29,,6.009999999999991,"{""type"":""MultiPoint"",""coordinates"":[]}"
537,2022-10-29,,15.129999999999995,"{""type"":""MultiPoint"",""coordinates"":[]}"
538,2022-10-30,,9.180000000000007,"{""type"":""MultiPoint"",""coordinates"":[]}"
539,2022-10-30,,12.800000000000011,"{""type"":""MultiPoint"",""coordinates"":[]}"
540,2022-10-31,,10.430000000000007,"{""type"":""MultiPoint"",""coordinates"":[]}"
541,2022-10-31,,13.930000000000007,"{""type"":""MultiPoint"",""coordinates"":[]}"
542,2022-11-01,,11.550000000000011,"{""type"":""MultiPoint"",""coordinates"":[]}"
543,2022-11-01,,13.350000000000023,"{""type"":""MultiPoint"",""coordinates"":[]}"
544,2022-11-02,,13.079999999999984,"{""type"":""MultiPoint"",""coordinates"":[]}"
545,2022-11-02,,-3,"{""type"":""MultiPoint"",""coordinates"":[]}"
546,2022-11-03,,13.339999999999975,"{""type"":""MultiPoint"",""coordinates"":[]}"
547,2022-11-03,,13.25,"{""type"":""MultiPoint"",""coordinates"":[]}"
548,2022-11-04,,15.360000000000014,"{""type"":""MultiPoint"",""coordinates"":[]}"
549,2022-11-04,,16.24000000000001,"{""type"":""MultiPoint"",""coordinates"":[]}"
550,2022-11-05,,6.850000000000023,"{""type"":""MultiPoint"",""coordinates"":[]}"
551,2022-11-05,,15.779999999999973,"{""type"":""MultiPoint"",""coordinates"":[]}"
552,2022-11-06,,12.45999999999998,"{""type"":""MultiPoint"",""coordinates"":[]}"
553,2022-11-06,,16.370000000000005,"{""type"":""MultiPoint"",""coordinates"":[]}"
554,2022-11-07,,15.129999999999995,"{""type"":""MultiPoint"",""coordinates"":[]}"
555,2022-11-07,,16.819999999999993,"{""type"":""MultiPoint"",""coordinates"":[]}"
556,2022-11-08,,13.149999999999977,"{""type"":""MultiPoint"",""coordinates"":[]}"
557,2022-11-08,,12.060000000000002,"{""type"":""MultiPoint"",""coordinates"":[]}"
558,2022-11-09,,18.75,"{""type"":""MultiPoint"",""coordinates"":[]}"
559,2022-11-09,,14.990000000000009,"{""type"":""MultiPoint"",""coordinates"":[]}"
560,2022-11-10,,12.75,"{""type"":""MultiPoint"",""coordinates"":[]}"
561,2022-11-10,,15.579999999999984,"{""type"":""MultiPoint"",""coordinates"":[]}"
562,2022-11-11,,2.3999999999999773,"{""type"":""MultiPoint"",""coordinates"":[]}"
563,2022-11-11,,,"{""type"":""MultiPoint"",""coordinates"":[]}"
564,2022-11-12,,13,"{""type"":""MultiPoint"",""coordinates"":[]}"
565,2022-11-12,,16.189999999999998,"{""type"":""MultiPoint"",""coordinates"":[]}"
566,2022-11-13,,12.360000000000014,"{""type"":""MultiPoint"",""coordinates"":[]}"
567,2022-11-13,,16.670000000000016,"{""type"":""MultiPoint"",""coordinates"":[]}"
568,2022-11-14,,14.379999999999995,"{""type"":""MultiPoint"",""coordinates"":[]}"
569,2022-11-14,,19.29000000000002,"{""type"":""MultiPoint"",""coordinates"":[]}"
570,2022-11-15,,17.20999999999998,"{""type"":""MultiPoint"",""coordinates"":[]}"
571,2022-11-15,,3.569999999999993,"{""type"":""MultiPoint"",""coordinates"":[]}"
572,2022-11-16,,,"{""type"":""MultiPoint"",""coordinates"":[]}"
573,2022-11-16,,-3,"{""type"":""MultiPoint"",""coordinates"":[]}"
574,2022-11-17,,15.589999999999975,"{""type"":""MultiPoint"",""coordinates"":[]}"
575,2022-11-17,,-2.1000000000000227,"{""type"":""MultiPoint"",""coordinates"":[]}"
576,2022-11-18,,17.50999999999999,"{""type"":""MultiPoint"",""coordinates"":[]}"
577,2022-11-18,,18.079999999999984,"{""type"":""MultiPoint"",""coordinates"":[]}"
578,2022-11-19,,14.389999999999986,"{""type"":""MultiPoint"",""coordinates"":[]}"
579,2022-11-19,,,"{""type"":""MultiPoint"",""coordinates"":[]}"
580,2022-11-20,,16.769999999999982,"{""type"":""MultiPoint"",""coordinates"":[]}"
581,2022-11-20,,17.44999999999999,"{""type"":""MultiPoint"",""coordinates"":[]}"
582,2022-11-21,,16.829999999999984,"{""type"":""MultiPoint"",""coordinates"":[]}"
583,2022-11-21,,17.310000000000002,"{""type"":""MultiPoint"",""coordinates"":[]}"
584,2022-11-22,,17.129999999999995,"{""type"":""MultiPoint"",""coordinates"":[]}"
585,2022-11-22,,17.420000000000016,"{""type"":""MultiPoint"",""coordinates"":[]}"
586,2022-11-23,,17.24000000000001,"{""type"":""MultiPoint"",""coordinates"":[]}"
587,2022-11-23,,16.379999999999995,"{""type"":""MultiPoint"",""coordinates"":[]}"
588,2022-11-24,,16.870000000000005,"{""type"":""MultiPoint"",""coordinates"":[]}"
589,2022-11-24,,16.910000000000025,"{""type"":""MultiPoint"",""coordinates"":[]}"
590,2022-11-25,,14.089999999999975,"{""type"":""MultiPoint"",""coordinates"":[]}"
591,2022-11-25,,17.80000000000001,"{""type"":""MultiPoint"",""coordinates"":[]}"
592,2022-11-26,,14.089999999999975,"{""type"":""MultiPoint"",""coordinates"":[]}"
593,2022-11-26,,17.589999999999975,"{""type"":""MultiPoint"",""coordinates"":[]}"
594,2022-11-27,,18,"{""type"":""MultiPoint"",""coordinates"":[]}"
595,2022-11-27,,,"{""type"":""MultiPoint"",""coordinates"":[]}"
596,2022-11-28,,13.170000000000016,"{""type"":""MultiPoint"",""coordinates"":[]}"
597,2022-11-28,,14.95999999999998,"{""type"":""MultiPoint"",""coordinates"":[]}"
598,2022-11-29,,19.94999999999999,"{""type"":""MultiPoint"",""coordinates"":[]}"
599,2022-11-29,,20.839999999999975,"{""type"":""MultiPoint"",""coordinates"":[]}"
600,2022-11-30,,19.829999999999984,"{""type"":""MultiPoint"",""coordinates"":[]}"
601,2022-11-30,,20.160000000000025,"{""type"":""MultiPoint"",""coordinates"":[]}"
602,2022-12-01,,15.920000000000016,"{""type"":""MultiPoint"",""coordinates"":[]}"
603,2022-12-01,,20.00999999999999,"{""type"":""MultiPoint"",""coordinates"":[]}"
604,2022-12-02,,19.079999999999984,"{""type"":""MultiPoint"",""coordinates"":[]}"
605,2022-12-02,,17.180000000000007,"{""type"":""MultiPoint"",""coordinates"":[]}"
606,2022-12-03,,15.20999999999998,"{""type"":""MultiPoint"",""coordinates"":[]}"
607,2022-12-03,,20.100000000000023,"{""type"":""MultiPoint"",""coordinates"":[]}"
608,2022-12-04,,18.970000000000027,"{""type"":""MultiPoint"",""coordinates"":[]}"
609,2022-12-04,,19.79000000000002,"{""type"":""MultiPoint"",""coordinates"":[]}"
610,2022-12-05,,18.930000000000007,"{""type"":""MultiPoint"",""coordinates"":[]}"
611,2022-12-05,,17.850000000000023,"{""type"":""MultiPoint"",""coordinates"":[]}"
612,2022-12-06,,18.79000000000002,"{""type"":""MultiPoint"",""coordinates"":[]}"
613,2022-12-06,,18.319999999999993,"{""type"":""MultiPoint"",""coordinates"":[]}"
614,2022-12-07,,17.939999999999998,"{""type"":""MultiPoint"",""coordinates"":[]}"
615,2022-12-07,,18.74000000000001,"{""type"":""MultiPoint"",""coordinates"":[]}"
616,2022-12-08,,18.19999999999999,"{""type"":""MultiPoint"",""coordinates"":[]}"
617,2022-12-08,,18.620000000000005,"{""type"":""MultiPoint"",""coordinates"":[]}"
618,2022-12-09,,18.089999999999975,"{""type"":""MultiPoint"",""coordinates"":[]}"
619,2022-12-09,,-3,"{""type"":""MultiPoint"",""coordinates"":[]}"
620,2022-12-10,,17.70999999999998,"{""type"":""MultiPoint"",""coordinates"":[]}"
621,2022-12-10,,11.800000000000011,"{""type"":""MultiPoint"",""coordinates"":[]}"
622,2022-12-11,,,"{""type"":""MultiPoint"",""coordinates"":[]}"
623,2022-12-11,,17.160000000000025,"{""type"":""MultiPoint"",""coordinates"":[]}"
624,2022-12-12,,16.480000000000018,"{""type"":""MultiPoint"",""coordinates"":[]}"
625,2022-12-12,,-3,"{""type"":""MultiPoint"",""coordinates"":[]}"
626,2022-12-13,,3.329999999999984,"{""type"":""MultiPoint"",""coordinates"":[]}"
627,2022-12-13,,-1.6399999999999864,"{""type"":""MultiPoint"",""coordinates"":[]}"
628,2022-12-14,,13.579999999999984,"{""type"":""MultiPoint"",""coordinates"":[]}"
629,2022-12-14,,,"{""type"":""MultiPoint"",""coordinates"":[]}"
630,2022-12-15,,12.360000000000014,"{""type"":""MultiPoint"",""coordinates"":[]}"
631,2022-12-15,,4.230000000000018,"{""type"":""MultiPoint"",""coordinates"":[]}"
632,2022-12-16,,8.259999999999991,"{""type"":""MultiPoint"",""coordinates"":[]}"
633,2022-12-16,,-1.7699999999999818,"{""type"":""MultiPoint"",""coordinates"":[]}"
634,2022-12-17,,3.1999999999999886,"{""type"":""MultiPoint"",""coordinates"":[]}"
635,2022-12-17,,17.29000000000002,"{""type"":""MultiPoint"",""coordinates"":[]}"
636,2022-12-18,,18.99000000000001,"{""type"":""MultiPoint"",""coordinates"":[]}"
637,2022-12-18,,18.980000000000018,"{""type"":""MultiPoint"",""coordinates"":[]}"
638,2022-12-19,,,"{""type"":""MultiPoint"",""coordinates"":[]}"
639,2022-12-19,,19.480000000000018,"{""type"":""MultiPoint"",""coordinates"":[]}"
640,2022-12-20,,,"{""type"":""MultiPoint"",""coordinates"":[]}"
641,2022-12-20,,19.399999999999977,"{""type"":""MultiPoint"",""coordinates"":[]}"
642,2022-12-21,,18.75999999999999,"{""type"":""MultiPoint"",""coordinates"":[]}"
643,2022-12-21,,19.75,"{""type"":""MultiPoint"",""coordinates"":[]}"
644,2022-12-22,,6.970000000000027,"{""type"":""MultiPoint"",""coordinates"":[]}"
645,2022-12-22,,,"{""type"":""MultiPoint"",""coordinates"":[]}"
646,2022-12-23,,17.829999999999984,"{""type"":""MultiPoint"",""coordinates"":[]}"
647,2022-12-23,,11.759999999999991,"{""type"":""MultiPoint"",""coordinates"":[]}"
648,2022-12-24,,7.519999999999982,"{""type"":""MultiPoint"",""coordinates"":[]}"
649,2022-12-24,,10.009999999999991,"{""type"":""MultiPoint"",""coordinates"":[]}"
650,2022-12-25,,8.899999999999977,"{""type"":""MultiPoint"",""coordinates"":[]}"
651,2022-12-25,,15.199999999999989,"{""type"":""MultiPoint"",""coordinates"":[]}"
652,2022-12-26,,-1.3500000000000227,"{""type"":""MultiPoint"",""coordinates"":[]}"
653,2022-12-26,,17.70999999999998,"{""type"":""MultiPoint"",""coordinates"":[]}"
654,2022-12-27,,15.199999999999989,"{""type"":""MultiPoint"",""coordinates"":[]}"
655,2022-12-27,,20.730000000000018,"{""type"":""MultiPoint"",""coordinates"":[]}"
656,2022-12-28,,,"{""type"":""MultiPoint"",""coordinates"":[]}"
657,2022-12-28,,20.420000000000016,"{""type"":""MultiPoint"",""coordinates"":[]}"
658,2022-12-29,,19.939999999999998,"{""type"":""MultiPoint"",""coordinates"":[]}"
659,2022-12-29,,17.420000000000016,"{""type"":""MultiPoint"",""coordinates"":[]}"
660,2022-12-30,,19.50999999999999,"{""type"":""MultiPoint"",""coordinates"":[]}"
661,2022-12-30,,-3,"{""type"":""MultiPoint"",""coordinates"":[]}"
662,2022-12-31,,-3,"{""type"":""MultiPoint"",""coordinates"":[]}"
663,2022-12-31,,-3,"{""type"":""MultiPoint"",""coordinates"":[]}"
